﻿<parameters>
  <parameter name="IIS Web Application Name" defaultValue="Default Web Site/Contoso/Claims.Web" tags="IisApp">
    <parameterEntry kind="ProviderPath" scope="IisApp" match="^H:\\Projects\\AppFabric\\Contoso\\Solution\\Claims\.Web\\Claims\.Web\\obj\\Debug\\Package\\PackageTmp$" />
    <parameterEntry kind="ProviderPath" scope="setAcl" match="^H:\\Projects\\AppFabric\\Contoso\\Solution\\Claims\.Web\\Claims\.Web\\obj\\Debug\\Package\\PackageTmp$" />
  </parameter>
  <parameter name="ApplicationServices-Web.config Connection String" description="ApplicationServices Connection String used in web.config by the application to access the database." defaultValue="data source=(local);Initial Catalog=ContosoDB;Integrated Security=True" tags="SqlConnectionString">
    <parameterEntry kind="XmlFile" scope="obj\\Debug\\Package\\PackageTmp\\Web\.config$" match="/configuration/connectionStrings/add[@name='ApplicationServices']/@connectionString" />
  </parameter>
  <parameter name="ContosoDBConnectionString-Web.config Connection String" description="ContosoDBConnectionString Connection String used in web.config by the application to access the database." defaultValue="Data Source=(local);Initial Catalog=ContosoDB;Integrated Security=True" tags="SqlConnectionString">
    <parameterEntry kind="XmlFile" scope="obj\\Debug\\Package\\PackageTmp\\Web\.config$" match="/configuration/connectionStrings/add[@name='ContosoDBConnectionString']/@connectionString" />
  </parameter>
</parameters>